{
  "data": [
    {
      "name": "txt格式测试源",
      "pic": "https://imgpub.chuangkit.com/materials/2021/08/17/b2e6c85e-27e4-461b-bc3b-3cef6b6a2d4e?x-oss-process=image/resize,w_200/format,webp",
      "webUrl": "https://cdn.jsdelivr.net/gh/FreeDTV/FreeD@latest/tv/douyu.txt",
      "type": "txt",
      "subTitle": "",
      "click": true,
      "autoNext": false,
      "webOpen": false,
      "keyDownPlay": true,
      "keyUpPlay": true,
      "userAgent": "",
      "ads": "",
      "decoder": 0,
      "webPlus": {}
    }, {
      "name": "json格式测试源",
      "pic": "https://imgpub.chuangkit.com/materials/2021/08/17/b2e6c85e-27e4-461b-bc3b-3cef6b6a2d4e?x-oss-process=image/resize,w_200/format,webp",
      "webUrl": "https://pastebin.com/raw/Ue63BWUp",
      "type": "gitJson",
      "subTitle": "",
      "click": true,
      "autoNext": false,
      "webOpen": false,
      "keyDownPlay": true,
      "keyUpPlay": true,
      "userAgent": "",
      "ads": "",
      "decoder": 0,
      "webPlus": {}
    },
    {
      "name": "m3u格式测试源",
      "pic": "https://imgpub.chuangkit.com/materials/2021/08/30/24ee516b-b5a2-415d-ba65-ea35b613cbd2?x-oss-process=image/resize,w_200/format,webp",
      "webUrl": "https://iptv-org.github.io/iptv/countries/cn.m3u",
      "type": "m3u",
      "subTitle": "",
      "click": true,
      "autoNext": false,
      "webOpen": false,
      "keyDownPlay": true,
      "keyUpPlay": true,
      "userAgent": "",
      "ads": "",
      "decoder": 0,
      "webPlus": {}
    },
    {
      "name": "m3u格式测试源",
      "pic": "https://imgpub.chuangkit.com/materials/2021/09/15/75978b65-3340-4f8a-b146-8a5049febbd0?x-oss-process=image/resize,w_200/format,webp",
      "webUrl": "https://cdn.jsdelivr.net/gh/goolguy007/radioer/TVradio",
      "type": "m3u",
      "subTitle": "",
      "click": true,
      "autoNext": true,
      "webOpen": false,
      "keyDownPlay": true,
      "keyUpPlay": true,
      "userAgent": "",
      "ads": "",
      "decoder": 0,
      "webPlus": {}
    },
    {
      "name": "m3u格式测试源",
      "pic": "https://imgpub.chuangkit.com/materials/2021/09/15/75978b65-3340-4f8a-b146-8a5049febbd0?x-oss-process=image/resize,w_200/format,webp",
      "webUrl": "https://pastebin.com/raw/Dg5EDRXp",
      "type": "txt",
      "subTitle": "",
      "click": true,
      "autoNext": true,
      "webOpen": false,
      "keyDownPlay": true,
      "keyUpPlay": true,
      "userAgent": "",
      "ads": "",
      "decoder": 0,
      "webPlus": {}
    }
  ]
}
